Region,Venta_Promedio,distance_Km
Norte,1339.4928201730183,3.765069397339545
Noroeste,1420.4874352510935,3.483729084338967
Noreste,1409.893981838561,3.2085907916458294
Bajio,1453.2555809838761,3.1819702856174223
Suroeste,1858.1714770425376,3.16609706653295
Occidente,1424.623554998202,3.109125971702238
Sureste,1490.930833190084,2.9131701808763903
Centro,1527.5699695899089,2.6564693619020776
